{"cameraMode":{"drawMode":0,"name":"Shaded","section":"Shading Mode"},"sceneLighting":false,"audioPlay":false,"sceneViewState":{"showFog":true,"showMaterialUpdate":false,"showSkybox":false,"showFlares":true,"showImageEffects":true,"showParticleSystems":true},"in2DMode":false,"pivot":{"x":0.3069285750389099,"y":-0.2103523164987564,"z":0.033899493515491489},"rotation":{"x":-0.24471475183963777,"y":-0.5522468686103821,"z":0.17373935878276826,"w":-0.7778128385543823},"size":1.0279618501663209,"orthographic":false}