{"cameraMode":{"drawMode":0,"name":"Shaded","section":"Shading Mode"},"sceneLighting":false,"audioPlay":false,"sceneViewState":{"showFog":true,"showMaterialUpdate":false,"showSkybox":false,"showFlares":true,"showImageEffects":true,"showParticleSystems":true},"in2DMode":false,"pivot":{"x":-28.350629806518556,"y":0.02500000223517418,"z":21.699447631835939},"rotation":{"x":-0.14779004454612733,"y":-0.07943753898143769,"z":0.011931020766496659,"w":-0.9858226180076599},"size":0.22863419353961945,"orthographic":false}