{"cameraMode":{"drawMode":0,"name":"Shaded","section":"Shading Mode"},"sceneLighting":false,"audioPlay":false,"sceneViewState":{"showFog":true,"showMaterialUpdate":false,"showSkybox":false,"showFlares":true,"showImageEffects":true,"showParticleSystems":true},"in2DMode":false,"pivot":{"x":-1.072295904159546,"y":0.22343140840530396,"z":1.1739239692687989},"rotation":{"x":-0.3732839524745941,"y":0.03534127026796341,"z":-0.014193479903042317,"w":-0.9270110726356506},"size":22.0,"orthographic":false}