{"cameraMode":{"drawMode":0,"name":"Shaded","section":"Shading Mode"},"sceneLighting":false,"audioPlay":false,"sceneViewState":{"showFog":true,"showMaterialUpdate":false,"showSkybox":false,"showFlares":true,"showImageEffects":true,"showParticleSystems":true},"in2DMode":false,"pivot":{"x":0.38234078884124758,"y":-0.17628373205661775,"z":0.08565376698970795},"rotation":{"x":-0.22879965603351594,"y":-0.5363318920135498,"z":0.15381865203380586,"w":-0.7977344989776611},"size":0.2989674210548401,"orthographic":false}