{"cameraMode":{"drawMode":0,"name":"Shaded","section":"Shading Mode"},"sceneLighting":false,"audioPlay":false,"sceneViewState":{"showFog":true,"showMaterialUpdate":false,"showSkybox":false,"showFlares":true,"showImageEffects":true,"showParticleSystems":true},"in2DMode":false,"pivot":{"x":5.790000915527344,"y":-60.68000030517578,"z":0.0},"rotation":{"x":-0.08075475692749024,"y":0.10653938353061676,"z":-0.008681831881403923,"w":-0.9909855127334595},"size":191.8623504638672,"orthographic":false}