{"cameraMode":{"drawMode":0,"name":"Shaded","section":"Shading Mode"},"sceneLighting":false,"audioPlay":false,"sceneViewState":{"showFog":true,"showMaterialUpdate":false,"showSkybox":false,"showFlares":true,"showImageEffects":true,"showParticleSystems":true},"in2DMode":false,"pivot":{"x":655.1409912109375,"y":310.3875732421875,"z":1.46384859085083},"rotation":{"x":-0.033302441239356998,"y":0.008092568255960942,"z":-0.0002696700394153595,"w":-0.9994125366210938},"size":3.18257737159729,"orthographic":false}